Date,Predicted_Close,Actual_Close
2018-02-26,1421.6244,1430.1807861328125
2018-02-27,1433.5327,1409.675048828125
2018-02-28,1413.0177,1414.627197265625
2018-03-01,1417.9725,1411.23291015625
2018-03-05,1414.5764,1412.4652099609375
2018-03-06,1415.8094,1444.1534423828125
2018-03-07,1447.5093,1414.8363037109375
2018-03-08,1418.1816,1407.698974609375
2018-03-09,1411.0403,1396.7718505859375
2018-03-12,1400.1067,1410.791015625
2018-03-13,1414.1343,1419.1839599609375
2018-03-14,1422.5315,1342.299560546875
2018-03-15,1345.5839,1342.34619140625
2018-03-16,1345.6306,1334.3486328125
2018-03-19,1337.6234,1313.8896484375
2018-03-20,1317.1375,1316.35400390625
2018-03-21,1319.6052,1332.09375
2018-03-22,1335.3657,1328.3270263671875
2018-03-23,1331.5941,1316.5169677734375
2018-03-26,1319.7684,1310.3790283203125
2018-03-27,1313.6218,1309.8443603515625
2018-03-28,1313.0864,1324.119140625
2018-04-02,1327.381,1324.7933349609375
2018-04-03,1328.056,1352.924560546875
2018-04-04,1356.2208,1353.66845703125
2018-04-05,1356.9656,1353.505615234375
2018-04-06,1356.8026,1375.383056640625
2018-04-09,1378.7013,1371.8260498046875
2018-04-10,1375.141,1359.550537109375
2018-04-11,1362.8538,1365.920654296875
2018-04-12,1369.2301,1401.5147705078125
2018-04-13,1404.8527,1459.6834716796875
2018-04-16,1463.0415,1466.2166748046875
2018-04-17,1469.5748,1482.1884765625
2018-04-18,1485.5452,1472.40087890625
2018-04-19,1475.7587,1468.91357421875
2018-04-20,1472.2719,1483.8157958984375
2018-04-23,1487.1721,1582.0657958984375
2018-04-24,1585.3495,1584.9488525390625
2018-04-25,1588.2289,1574.2542724609375
2018-04-26,1577.5479,1613.591552734375
2018-04-27,1616.828,1645.6749267578125
2018-04-30,1648.8506,1605.082275390625
2018-05-02,1608.3326,1642.350341796875
2018-05-03,1645.533,1627.3082275390625
2018-05-04,1630.5203,1618.9852294921875
2018-05-07,1622.2124,1618.4737548828125
2018-05-08,1621.7019,1590.6678466796875
2018-05-09,1593.9398,1600.083740234375
2018-05-10,1603.3419,1622.449462890625
2018-05-11,1625.6705,1604.7568359375
2018-05-14,1608.0078,1607.4073486328125
2018-05-15,1610.6539,1596.5267333984375
2018-05-16,1599.7903,1619.2412109375
2018-05-17,1622.4679,1624.588134765625
2018-05-18,1627.8052,1623.611572265625
2018-05-21,1626.8304,1628.3775634765625
2018-05-22,1631.5875,1653.8121337890625
2018-05-23,1656.9705,1631.5628662109375
2018-05-24,1634.7668,1625.1463623046875
2018-05-25,1628.3624,1675.6429443359375
2018-05-28,1678.7498,1667.3197021484375
2018-05-29,1670.4467,1628.3775634765625
2018-05-30,1631.5875,1638.351806640625
2018-05-31,1641.5426,1633.9808349609375
2018-06-01,1637.18,1632.57421875
2018-06-04,1635.7762,1624.510009765625
2018-06-05,1627.7273,1635.57470703125
2018-06-06,1638.771,1614.3360595703125
2018-06-07,1617.5713,1618.2274169921875
2018-06-08,1621.4557,1627.4168701171875
2018-06-11,1630.6285,1638.2474365234375
2018-06-12,1641.4385,1640.68505859375
2018-06-13,1643.871,1670.03515625
2018-06-14,1673.1556,1710.44970703125
2018-06-15,1713.4617,1676.1768798828125
2018-06-18,1679.2825,1725.4061279296875
2018-06-19,1728.372,1715.0443115234375
2018-06-20,1718.0425,1710.8248291015625
2018-06-21,1713.8356,1708.9024658203125
2018-06-22,1711.919,1705.995849609375
2018-06-25,1709.0208,1697.040771484375
2018-06-26,1700.0911,1705.90185546875
2018-06-27,1708.927,1736.6114501953125
2018-06-28,1739.5408,1742.23779296875
2018-06-29,1745.1482,1727.890869140625
2018-07-02,1730.8489,1732.6260986328125
2018-07-03,1735.5686,1736.0020751953125
2018-07-04,1738.9336,1757.287841796875
2018-07-05,1760.1453,1749.8798828125
2018-07-06,1752.7638,1763.148193359375
2018-07-09,1765.984,1793.7640380859375
2018-07-10,1796.4795,1765.679931640625
2018-07-11,1768.5063,1758.272216796875
2018-07-12,1761.1262,1856.542724609375
2018-07-13,1858.9662,1848.5255126953125
2018-07-16,1850.9896,1857.6680908203125
2018-07-17,1860.0858,1865.2633056640625
2018-07-18,1867.6415,1881.189208984375
2018-07-19,1883.4812,1879.404052734375
2018-07-20,1881.706,1861.693115234375
2018-07-23,1864.0898,1875.974609375
2018-07-24,1878.2954,1884.4779052734373
2018-07-25,1886.7516,1878.229736328125
2018-07-26,1880.5381,1861.7867431640625
2018-07-27,1864.1831,1846.001708984375
2018-07-30,1848.4786,1826.3173828125
2018-07-31,1828.8889,1827.1162109375
2018-08-01,1829.6841,1822.9818115234373
2018-08-02,1825.5691,1857.088623046875
2018-08-03,1859.5093,1830.6866455078125
2018-08-06,1833.2377,1859.8607177734373
2018-08-07,1862.267,1856.1962890625
2018-08-08,1858.6215,1848.4918212890625
2018-08-09,1850.9562,1854.7398681640625
2018-08-10,1857.1726,1855.0687255859373
2018-08-13,1857.4998,1872.68603515625
2018-08-14,1875.0245,1879.3099365234373
2018-08-16,1881.6124,1882.5048828125
2018-08-17,1884.7897,1887.1553955078125
2018-08-20,1889.4143,1891.1488037109373
2018-08-21,1893.3849,1888.5179443359373
2018-08-23,1890.769,1895.7528076171875
2018-08-24,1897.9625,1912.1485595703125
2018-08-27,1914.2614,1919.5711669921875
2018-08-28,1921.6388,1926.993896484375
2018-08-29,1929.0155,1944.1884765625
2018-08-30,1946.0995,1946.819091796875
2018-08-31,1948.7124,1956.591064453125
2018-09-03,1958.419,1952.832275390625
2018-09-04,1954.6854,1928.873046875
2018-09-05,1930.8828,1972.093994140625
2018-09-06,1973.8148,1953.631103515625
2018-09-07,1955.4792,1949.9200439453125
2018-09-10,1951.7931,1954.195068359375
2018-09-11,1956.0392,1955.0406494140625
2018-09-12,1956.8792,1922.6251220703125
2018-09-14,1924.674,1920.4639892578125
2018-09-17,1922.526,1940.617919921875
2018-09-18,1942.552,1948.8388671875
2018-09-19,1950.7191,1945.6448974609373
2018-09-21,1947.5463,1952.362548828125
2018-09-24,1954.2192,1976.087646484375
2018-09-25,1977.78,2065.629638671875
2018-09-26,2066.612,2051.30078125
2018-09-27,2052.4062,2012.7307128906252
2018-09-28,2014.15,2056.609130859375
2018-10-01,2057.6694,2051.770751953125
2018-10-03,2052.8726,2119.2802734375
2018-10-04,2119.7659,2032.180908203125
2018-10-05,2033.4456,1940.0545654296875
2018-10-08,1941.9927,1975.6171874999998
2018-10-09,1977.3127,1952.0340576171875
2018-10-10,1953.8928,1965.4228515625002
2018-10-11,1967.1901,1920.1348876953125
2018-10-12,1922.1991,1860.3304443359373
2018-10-15,1862.7344,1802.405029296875
2018-10-16,1805.0836,1831.7200927734373
2018-10-17,1834.2662,1843.746826171875
2018-10-19,1846.2347,1812.8343505859373
2018-10-22,1815.4673,1797.6134033203125
2018-10-23,1800.3126,1788.0294189453125
2018-10-24,1790.7683,1735.914306640625
2018-10-25,1738.8461,1740.48046875
2018-10-26,1743.3969,1744.7177734375
2018-10-29,1747.6196,1693.96728515625
2018-10-30,1697.0261,1761.6656494140625
2018-10-31,1764.507,1784.0748291015625
2018-11-01,1786.8298,1824.8916015625
2018-11-02,1827.4697,1822.6318359375
2018-11-05,1825.2205,1801.635009765625
2018-11-06,1804.317,1780.3558349609375
2018-11-07,1783.1256,1819.760009765625
2018-11-09,1822.3618,1828.6578369140625
2018-11-12,1831.2184,1797.6331787109375
2018-11-13,1800.3323,1802.9532470703125
2018-11-14,1805.6295,1821.8787841796875
2018-11-15,1824.4708,1770.7518310546875
2018-11-16,1773.5591,1763.407470703125
2018-11-19,1766.2424,1776.35400390625
2018-11-20,1779.1396,1791.278076171875
2018-11-21,1794.0037,1768.491943359375
2018-11-22,1771.3079,1706.1134033203125
2018-11-26,1709.1381,1706.631103515625
2018-11-27,1709.654,1738.2205810546875
2018-11-28,1741.1445,1779.790771484375
2018-11-29,1782.5627,1867.9681396484373
2018-11-30,1870.3318,1845.9827880859373
2018-12-03,1848.4596,1853.2327880859373
2018-12-04,1855.6732,1866.555908203125
2018-12-05,1868.9272,1893.343505859375
2018-12-06,1895.5671,1889.4830322265625
2018-12-07,1891.7286,1876.254150390625
2018-12-10,1878.5732,1878.60791015625
2018-12-11,1880.9143,1860.341796875
2018-12-12,1862.7456,1883.1275634765625
2018-12-13,1885.4089,1898.945556640625
2018-12-14,1901.1367,1866.7442626953125
2018-12-17,1869.1146,1873.4761962890625
2018-12-18,1875.8104,1877.7606201171875
2018-12-19,1880.0715,1871.687255859375
2018-12-20,1874.0311,1853.4210205078125
2018-12-21,1855.8606,1839.862548828125
2018-12-24,1842.3696,1785.0164794921875
2018-12-26,1787.7677,1806.3900146484373
2018-12-27,1809.0515,1778.8023681640625
2018-12-28,1781.5782,1797.39794921875
2018-12-31,1800.098,1785.2520751953125
2019-01-01,1788.0024,1782.4271240234375
2019-01-02,1785.1887,1791.607177734375
2019-01-03,1794.3315,1810.9095458984373
2019-01-04,1813.5509,1788.9239501953125
2019-01-07,1791.6593,1767.173828125
2019-01-08,1769.9945,1786.9937744140625
2019-01-09,1789.7368,1782.898193359375
2019-01-10,1785.658,1776.68359375
2019-01-11,1779.4679,1778.190185546875
2019-01-14,1780.9686,1734.8782958984375
2019-01-15,1737.8137,1707.2904052734375
2019-01-16,1710.3114,1758.65283203125
2019-01-17,1761.5054,1760.865478515625
2019-01-18,1763.71,1787.427001953125
2019-01-21,1790.1683,1793.4189453125
2019-01-22,1796.1355,1801.0147705078125
2019-01-23,1803.6995,1794.5985107421875
2019-01-24,1797.3102,1769.7822265625
2019-01-25,1772.5933,1794.268310546875
2019-01-28,1796.9816,1812.43212890625
2019-01-29,1815.0671,1844.70263671875
2019-01-30,1847.1858,1870.8868408203125
2019-01-31,1873.235,1869.61328125
2019-02-01,1871.9684,1900.46826171875
2019-02-04,1902.6509,1915.42431640625
2019-02-05,1917.5173,1934.578857421875
2019-02-06,1936.5521,1929.20068359375
2019-02-07,1931.2081,1957.7437744140625
2019-02-08,1959.564,1965.386474609375
2019-02-11,1967.154,1945.0994873046875
2019-02-12,1947.0044,1949.3458251953125
2019-02-14,1951.2225,1935.8524169921875
2019-02-15,1937.8176,1929.2476806640625
2019-02-18,1931.255,1915.18798828125
2019-02-19,1917.2825,1859.139404296875
2019-02-20,1861.5496,1797.334716796875
2019-02-21,1800.035,1806.723388671875
2019-02-22,1809.3833,1806.2044677734373
2019-02-25,1808.8668,1817.0084228515625
2019-02-26,1819.6228,1873.1514892578125
2019-02-27,1875.4875,1923.6802978515625
2019-02-28,1925.7225,1941.98583984375
2019-03-01,1943.9113,1871.5474853515625
2019-03-05,1873.8923,1882.8233642578125
2019-03-06,1885.1063,1875.935302734375
2019-03-07,1878.2561,1886.7862548828125
2019-03-08,1889.0471,1899.7135009765625
2019-03-11,1901.9003,1908.5831298828125
2019-03-12,1910.7177,1901.12890625
2019-03-13,1903.3074,1898.911376953125
2019-03-14,1901.1029,1887.6357421875
2019-03-15,1889.8918,1875.2747802734373
2019-03-18,1877.5994,1924.859619140625
2019-03-19,1926.8944,1908.677490234375
2019-03-20,1910.8114,1908.677490234375
2019-03-22,1910.8114,1901.3646240234373
2019-03-25,1903.5417,1892.4951171875
2019-03-26,1894.7236,1872.3023681640625
2019-03-27,1874.6431,1870.792724609375
2019-03-28,1873.1414,1856.8748779296875
2019-04-01,1859.2968,1887.4468994140625
2019-04-02,1889.7041,1917.0281982421875
2019-04-03,1919.1115,1961.98974609375
2019-04-04,1963.7808,1961.98974609375
2019-04-05,1963.7808,1900.845703125
2019-04-08,1903.026,1932.7386474609373
2019-04-09,1934.7238,1953.9222412109373
2019-04-10,1955.7683,1973.5015869140625
2019-04-11,1975.2123,1925.1429443359373
2019-04-12,1927.1761,1905.5634765625
2019-04-15,1907.716,1900.845703125
2019-04-16,1903.026,1994.0716552734373
2019-04-18,1995.6334,2011.528076171875
2019-04-22,2012.9567,2028.748046875
2019-04-23,2030.0405,2039.5048828124998
2019-04-24,2040.7096,2033.4659423828127
2019-04-25,2034.7201,2060.263916015625
2019-04-26,2061.293,2071.162109375
2019-04-30,2072.0957,2112.25537109375
2019-05-02,2112.809,2132.825439453125
2019-05-03,2133.177,2090.4111328125
2019-05-06,2091.171,2011.7166748046875
2019-05-07,2013.144,2036.1082763671875
2019-05-08,2037.3408,2030.541259765625
2019-05-09,2031.8191,2031.3902587890625
2019-05-10,2032.6615,2049.978759765625
2019-05-13,2051.096,2015.30224609375
2019-05-14,2016.7017,2008.649658203125
2019-05-15,2010.1007,1974.3034667968748
2019-05-16,1976.0084,1977.1812744140625
2019-05-17,1978.8657,1989.7781982421875
2019-05-20,1991.3712,1977.228759765625
2019-05-21,1978.913,2022.9921875000002
2019-05-22,2024.3309,1990.7214355468748
2019-05-23,1992.3077,1964.3017578125
2019-05-24,1966.0768,1938.1644287109373
2019-05-27,1940.1147,1932.4556884765625
2019-05-28,1934.4426,1939.2021484375
2019-05-29,1941.1456,1956.7529296875
2019-05-30,1958.5797,1988.6461181640625
2019-05-31,1990.2474,2025.2098388671873
2019-06-03,2026.5305,2072.625
2019-06-04,2073.5457,2115.7939453125
2019-06-06,2116.3135,2076.603515625
2019-06-07,2077.4885,2060.4326171875
2019-06-10,2061.46,2075.319580078125
2019-06-11,2076.2163,2122.64208984375
2019-06-12,2123.0947,2142.9033203125
2019-06-13,2143.1523,2150.608154296875
2019-06-14,2150.7776,2144.14013671875
2019-06-17,2144.3767,2144.5205078125
2019-06-18,2144.7532,2139.479248046875
2019-06-19,2139.7634,2141.048828125
2019-06-20,2141.317,2149.65673828125
2019-06-21,2149.8362,2166.82666015625
2019-06-24,2166.8252,2140.09765625
2019-06-25,2140.3757,2164.495849609375
2019-06-26,2164.5195,2157.171630859375
2019-06-27,2157.2732,2144.23486328125
2019-06-28,2144.4705,2142.66552734375
2019-07-01,2142.9172,2118.55224609375
2019-07-02,2119.045,2130.2998046875
2019-07-03,2130.6765,2142.237548828125
2019-07-04,2142.494,2128.4921875
2019-07-05,2128.887,2133.248779296875
2019-07-08,2133.5957,2057.57958984375
2019-07-09,2058.6316,2069.27880859375
2019-07-10,2070.229,2029.2808837890625
2019-07-11,2030.5691,2005.3571777343752
2019-07-12,2006.8333,1999.982666015625
2019-07-15,2001.4998,2004.7867431640623
2019-07-16,2006.2675,2041.0279541015623
2019-07-17,2042.22,2007.943725585937
2019-07-18,2009.3999,2018.6701660156252
2019-07-19,2020.0428,1969.758544921875
2019-07-22,1971.4958,1980.24609375
2019-07-23,1981.9086,2011.6619873046875
2019-07-24,2013.0895,2014.0932617187502
2019-07-25,2015.5021,1999.172241210937
2019-07-26,2000.6953,2028.8234863281252
2019-07-29,2030.1151,2010.8518066406248
2019-07-30,2012.2858,2030.8264160156252
2019-07-31,2032.1022,2077.687744140625
2019-08-01,2078.5632,2103.001953125
2019-08-02,2103.644,2078.545654296875
2019-08-05,2079.4136,2102.619873046875
2019-08-06,2103.2656,2143.904541015625
2019-08-07,2144.1436,2111.773193359375
2019-08-08,2112.3315,2110.390625
2019-08-09,2110.9624,2152.961669921875
2019-08-13,2153.107,2141.663818359375
2019-08-14,2141.9255,2097.042724609375
2019-08-16,2097.741,2101.76220703125
2019-08-19,2102.4158,2064.2919921875
2019-08-20,2065.286,2062.289794921875
2019-08-21,2063.3013,2084.933837890625
2019-08-22,2085.7437,2084.409423828125
2019-08-23,2085.2239,2112.822509765625
2019-08-26,2113.3708,2143.045654296875
2019-08-27,2143.2932,2170.314453125
2019-08-28,2170.276,2132.367431640625
2019-08-29,2132.7236,2134.989501953125
2019-08-30,2135.319,2129.45947265625
2019-09-03,2129.8445,2154.39208984375
2019-09-04,2154.5225,2146.764404296875
2019-09-05,2146.9739,2140.85302734375
2019-09-06,2141.1233,2112.154296875
2019-09-09,2112.7092,2095.18359375
2019-09-11,2095.899,2081.2158203125
2019-09-12,2082.0598,2053.70849609375
2019-09-13,2054.794,2034.2585449218752
2019-09-16,2035.5062,2042.2193603515625
2019-09-17,2043.4015,2049.895263671875
2019-09-18,2051.0127,2023.8184814453123
2019-09-19,2025.1504,2038.9781494140623
2019-09-20,2040.1873,2004.082275390625
2019-09-23,2005.5684,1969.2816162109375
2019-09-24,1971.0222,1921.9434814453125
2019-09-25,1923.9966,1949.4979248046875
2019-09-26,1951.3735,1991.2105712890625
2019-09-27,1992.7931,1990.400634765625
2019-09-30,1991.9893,1960.4146728515625
2019-10-01,1962.2164,2001.5552978515627
2019-10-03,2003.0607,1964.0377197265623
2019-10-04,1965.8146,1964.3237304687502
2019-10-07,1966.0989,1982.5344238281248
2019-10-09,1984.1802,1952.3580322265625
2019-10-10,1954.2145,1926.043212890625
2019-10-11,1928.0707,1911.121826171875
2019-10-14,1913.2411,1894.341064453125
2019-10-15,1896.5591,1926.9013671875
2019-10-16,1928.9235,1942.4423828125
2019-10-17,1944.3646,1951.11865234375
2019-10-18,1952.9835,1974.9921875
2019-10-22,1976.6924,2000.6650390625
2019-10-23,2002.1769,1994.8786621093752
2019-10-24,1996.4341,2013.0635986328125
2019-10-25,2014.4803,2024.6356201171873
2019-10-29,2025.9612,2066.40185546875
2019-10-30,2067.3774,2134.376708984375
2019-10-31,2134.713,2190.729736328125
2019-11-01,2190.4666,2207.115478515625
2019-11-04,2206.6663,2140.259521484375
2019-11-05,2140.536,2133.50146484375
2019-11-06,2133.8462,2141.183349609375
2019-11-07,2141.4502,2128.201171875
2019-11-08,2128.5986,2125.137939453125
2019-11-11,2125.566,2071.26416015625
2019-11-13,2072.1968,2043.0637207031252
2019-11-14,2044.2388,2118.57421875
2019-11-15,2119.0667,2136.27294921875
2019-11-18,2136.5896,2114.538330078125
2019-11-19,2115.07,2093.290771484375
2019-11-20,2094.0237,2050.697509765625
2019-11-21,2051.8083,2050.454345703125
2019-11-22,2051.5671,2059.7412109375
2019-11-25,2060.7747,2014.6192626953125
2019-11-26,2016.0242,2024.1494140625
2019-11-27,2025.4789,1990.259765625
2019-11-28,1991.8495,1997.698974609375
2019-11-29,1999.2333,2020.11376953125
2019-12-02,2021.4752,1996.6778564453123
2019-12-03,1998.22,1965.3651123046877
2019-12-04,1967.1329,1994.4897460937498
2019-12-05,1996.048,2021.2318115234373
2019-12-06,2022.5845,2062.852783203125
2019-12-09,2063.8594,2065.089111328125
2019-12-10,2066.0764,2003.6791992187498
2019-12-11,2005.168,1957.390869140625
2019-12-12,1959.2133,1985.6405029296877
2019-12-13,1987.2638,1965.2192382812498
2019-12-16,1966.988,2014.181884765625
2019-12-17,2015.5898,2068.152587890625
2019-12-18,2069.1128,2105.300048828125
2019-12-19,2105.9204,2108.022705078125
2019-12-20,2108.6172,2167.634033203125
2019-12-23,2167.624,2161.653076171875
2019-12-24,2161.707,2170.210693359375
2019-12-26,2170.1729,2154.5546875
2019-12-27,2154.6833,2141.28076171875
2019-12-30,2141.5466,2137.925537109375
2019-12-31,2138.2256,2123.047607421875
2020-01-01,2123.4963,2102.1396484375
2020-01-02,2102.79,2107.877685546875
2020-01-03,2108.4731,2098.201171875
2020-01-06,2098.8887,2140.0166015625
2020-01-07,2140.2952,2139.822265625
2020-01-08,2140.103,2145.072998046875
2020-01-09,2145.3003,2193.11181640625
2020-01-10,2192.822,2153.339111328125
2020-01-13,2153.4807,2152.561279296875
2020-01-14,2152.711,2130.00048828125
2020-01-15,2130.3801,2146.093994140625
2020-01-16,2146.3108,2165.543701171875
2020-01-17,2165.556,2177.115478515625
2020-01-20,2177.003,2157.958251953125
2020-01-21,2158.051,2110.551513671875
2020-01-22,2111.1216,2111.232177734375
2020-01-23,2111.7957,2146.093994140625
2020-01-24,2146.3108,2135.421630859375
2020-01-27,2135.747,2128.06298828125
2020-01-28,2128.462,2114.27197265625
2020-01-29,2114.8062,2128.404296875
2020-01-30,2128.7998,2099.9931640625
2020-01-31,2100.6636,2083.66796875
2020-02-03,2084.4893,2026.3577880859373
2020-02-04,2027.6693,2049.213623046875
2020-02-05,2050.3372,2054.33056640625
2020-02-06,2055.4104,2092.147705078125
2020-02-07,2092.8914,2074.407958984375
2020-02-10,2075.3127,2082.400634765625
2020-02-11,2083.2334,2107.156982421875
2020-02-12,2107.7598,2098.82373046875
2020-02-13,2099.5054,2115.733642578125
2020-02-14,2116.2542,2136.396240234375
2020-02-17,2136.7117,2128.8427734375
2020-02-18,2129.2341,2147.410400390625
2020-02-19,2147.6135,2159.593505859375
2020-02-20,2159.6692,2140.68505859375
2020-02-24,2140.9573,2102.137451171875
2020-02-25,2102.7878,2061.738037109375
2020-02-26,2062.7542,2101.50341796875
2020-02-27,2102.1597,2069.778564453125
2020-02-28,2070.7246,2052.137451171875
2020-03-02,2053.2363,1949.45751953125
2020-03-03,1951.3335,1950.5784912109373
2020-03-04,1952.4469,1984.593994140625
2020-03-05,1986.225,2030.4027099609375
2020-03-06,2031.6819,2071.192138671875
2020-03-09,2072.1252,2062.81005859375
2020-03-11,2063.817,1922.362060546875
2020-03-12,1924.4125,1904.1846923828125
2020-03-13,1906.3452,1724.994384765625
2020-03-16,1727.9614,1760.520751953125
2020-03-17,1763.3665,1653.406005859375
2020-03-18,1656.565,1615.9793701171875
2020-03-19,1619.2118,1612.470458984375
2020-03-20,1615.7087,1606.53076171875
2020-03-23,1609.7789,1764.6949462890625
2020-03-24,1767.525,1639.2728271484375
2020-03-25,1642.4617,1672.11328125
2020-03-26,1675.2286,1718.404296875
2020-03-27,1721.3921,1758.3131103515625
2020-03-30,1761.1669,1791.2520751953125
2020-03-31,1793.9777,1746.0902099609375
2020-04-01,1748.9873,1792.8228759765625
2020-04-03,1795.5421,1677.6114501953125
2020-04-07,1680.7133,1624.05517578125
2020-04-08,1627.2732,1742.850341796875
2020-04-09,1745.7585,1674.3714599609375
2020-04-13,1677.4814,1733.9654541015625
2020-04-15,1736.9037,1727.19091796875
2020-04-16,1730.151,1703.5301513671875
2020-04-17,1706.5623,1684.7784423828125
2020-04-20,1687.8619,1773.285400390625
2020-04-21,1776.0829,1785.5086669921875
2020-04-22,1788.2578,1705.9847412109375
2020-04-23,1709.0096,1737.2542724609375
2020-04-24,1740.1815,1844.0224609375
2020-04-27,1846.509,1785.4105224609375
2020-04-28,1788.1599,1803.1314697265625
2020-04-29,1805.8069,1825.1724853515625
2020-04-30,1827.7494,1870.923095703125
2020-05-04,1873.2711,1977.740478515625
2020-05-05,1979.421,1895.271240234375
2020-05-06,1897.4839,1897.5294189453125
2020-05-07,1899.7289,1868.910400390625
2020-05-08,1871.2692,1857.1783447265625
2020-05-11,1859.5985,1858.8963623046875
2020-05-12,1861.3077,1900.0328369140625
2020-05-13,1902.2179,1913.9739990234373
2020-05-14,1916.0759,1914.1214599609373
2020-05-15,1916.2224,1867.6832275390625
2020-05-18,1870.0487,1858.405517578125
2020-05-19,1860.8192,1910.14501953125
2020-05-20,1912.27,1913.1396484375
2020-05-21,1915.2467,1917.9993896484373
2020-05-22,1920.0767,1954.914306640625
2020-05-26,1956.7538,1983.5330810546873
2020-05-27,1985.1718,1907.592529296875
2020-05-28,1909.7328,1968.7574462890625
2020-05-29,1970.5015,1967.7755126953125
2020-06-01,1969.5266,1936.40771484375
2020-06-02,1938.3693,2007.9793701171877
2020-06-03,2009.4355,2009.8446044921877
2020-06-04,2011.2865,2014.7680664062498
2020-06-05,2016.1716,2059.471435546875
2020-06-08,2060.5076,2016.8355712890625
2020-06-09,2018.223,2039.975341796875
2020-06-10,2041.176,2040.2703857421875
2020-06-11,2041.4686,2076.40771484375
2020-06-12,2077.2947,2035.9379882812498
2020-06-15,2037.1718,2008.2198486328127
2020-06-16,2009.6741,1998.7672119140623
2020-06-17,2000.2936,2014.4233398437502
2020-06-18,2015.8296,2016.3925781250002
2020-06-19,2017.7833,2006.8413085937498
2020-06-22,2008.3062,2013.24169921875
2020-06-23,2014.6571,1996.847045898437
2020-06-24,1998.3876,2004.0843505859373
2020-06-25,2005.5704,2010.87841796875
2020-06-26,2012.3121,1985.1787109375002
2020-06-29,1986.8057,2086.35302734375
2020-06-30,2087.15,2069.416748046875
2020-07-01,2070.366,2050.2158203125
2020-07-02,2051.3308,2059.964111328125
2020-07-03,2060.9956,2124.065185546875
2020-07-06,2124.5037,2165.913330078125
2020-07-07,2165.9219,2228.489013671875
2020-07-08,2227.7886,2235.086181640625
2020-07-09,2234.3062,2184.867919921875
2020-07-10,2184.6702,2170.54150390625
2020-07-13,2170.5,2188.265625
2020-07-14,2188.03,2185.95166015625
2020-07-15,2185.7417,2138.638427734375
2020-07-16,2138.931,2199.638427734375
2020-07-17,2199.275,2205.41162109375
2020-07-20,2204.9817,2171.85791015625
2020-07-21,2171.8025,2178.913818359375
2020-07-22,2178.7812,2195.8388671875
2020-07-23,2195.518,2162.1865234375
2020-07-24,2162.2346,2142.69580078125
2020-07-27,2142.947,2129.076904296875
2020-07-28,2129.466,2177.828369140625
2020-07-29,2177.708,2279.427001953125
2020-07-30,2278.089,2246.16943359375
2020-07-31,2245.2542,2249.573974609375
2020-08-03,2248.6162,2251.44921875
2020-08-04,2250.4685,2224.556640625
2020-08-05,2223.903,2220.165283203125
2020-08-06,2219.564,2229.836669921875
2020-08-07,2229.1199,2277.798828125
2020-08-10,2276.4824,2265.216064453125
2020-08-11,2264.062,2252.830810546875
2020-08-12,2251.8328,2249.96875
2020-08-13,2249.006,2227.71484375
2020-08-14,2227.0237,2224.8525390625
2020-08-17,2224.195,2212.7138671875
2020-08-18,2212.1997,2223.81640625
2020-08-19,2223.1719,2239.951904296875
2020-08-20,2239.1128,2226.974609375
2020-08-21,2226.2922,2223.274169921875
2020-08-24,2222.636,2219.079833984375
2020-08-25,2218.4912,2218.58642578125
2020-08-26,2218.0037,2213.2080078125
2020-08-27,2212.6882,2223.91552734375
2020-08-28,2223.2695,2218.882080078125
2020-08-31,2218.2957,2209.161376953125
2020-09-01,2208.6885,2227.6162109375
2020-09-02,2226.9263,2216.859375
2020-09-03,2216.2969,2235.412353515625
2020-09-04,2234.6282,2269.311279296875
2020-09-07,2268.1045,2258.751708984375
2020-09-08,2257.6794,2296.499755859375
2020-09-09,2294.936,2317.371826171875
2020-09-10,2315.5232,2297.092041015625
2020-09-11,2295.5208,2300.545654296875
2020-09-14,2298.9272,2342.93212890625
2020-09-15,2340.7214,2458.692138671875
2020-09-16,2454.656,2458.692138671875
2020-09-17,2454.656,2470.14013671875
2020-09-18,2465.9062,2428.641845703125
2020-09-21,2425.1094,2417.73681640625
2020-09-22,2414.382,2432.934814453125
2020-09-23,2429.3318,2489.828125
2020-09-24,2485.2473,2435.05615234375
2020-09-25,2431.418,2301.63134765625
2020-09-28,2299.9988,2390.499267578125
2020-09-29,2387.576,2394.44677734375
2020-09-30,2391.462,2455.7314453125
2020-10-01,2451.746,2459.580322265625
2020-10-05,2455.5288,2490.3212890625
2020-10-06,2485.7314,2670.27734375
2020-10-07,2662.0652,2678.666015625
2020-10-08,2670.2646,2700.03173828125
2020-10-09,2691.14,2788.603515625
2020-10-12,2777.5469,2776.020751953125
2020-10-13,2765.285,2792.846923828125
2020-10-14,2781.681,2789.442138671875
2020-10-15,2778.364,2784.536376953125
2020-10-16,2773.5837,2716.152099609375
2020-10-19,2706.8823,2738.6494140625
2020-10-20,2728.84,2687.36083984375
2020-10-21,2678.7612,2714.566162109375
2020-10-22,2705.3337,2651.533203125
2020-10-23,2643.737,2647.3212890625
2020-10-26,2639.6172,2662.831787109375
2020-10-27,2654.786,2664.21923828125
2020-10-28,2656.1426,2606.68701171875
2020-10-29,2599.849,2598.80810546875
2020-10-30,2592.133,2609.164794921875
2020-11-02,2602.2754,2641.077880859375
2020-11-03,2633.5098,2581.364990234375
2020-11-04,2575.0454,2610.106689453125
2020-11-05,2603.1975,2629.48193359375
2020-11-06,2622.1633,2661.74169921875
2020-11-09,2653.72,2683.29736328125
2020-11-10,2674.7905,2702.27685546875
2020-11-11,2693.3328,2625.9638671875
2020-11-12,2618.7202,2663.82275390625
2020-11-13,2655.755,2647.222412109375
2020-11-17,2639.5205,2633.149169921875
2020-11-18,2625.7522,2642.26708984375
2020-11-19,2634.673,2603.21826171875
2020-11-20,2596.4521,2613.376708984375
2020-11-23,2606.3992,2636.5185546875
2020-11-24,2629.049,2699.947509765625
2020-11-25,2691.0576,2697.767333984375
2020-11-26,2688.928,2677.20263671875
2020-11-27,2668.8345,2696.330322265625
2020-12-01,2687.5247,2655.74560546875
2020-12-02,2647.8567,2702.474853515625
2020-12-03,2693.5264,2725.02197265625
2020-12-04,2715.5413,2685.27978515625
2020-12-07,2676.728,2703.21826171875
2020-12-08,2694.2524,2713.277587890625
2020-12-09,2704.0757,2772.34619140625
2020-12-10,2761.703,2785.725830078125
2020-12-11,2774.743,2759.4619140625
2020-12-14,2749.1414,2758.7685546875
2020-12-15,2748.465,2772.742431640625
2020-12-16,2762.0894,2736.9150390625
2020-12-17,2727.1477,2789.095458984375
2020-12-18,2778.0264,2812.881103515625
2020-12-21,2801.193,2835.477783203125
2020-12-22,2823.1873,2794.9921875
2020-12-23,2783.7708,2846.875
2020-12-24,2834.2754,2882.802001953125
2020-12-28,2869.2024,2883.396728515625
2020-12-29,2869.7805,2903.267578125
2020-12-30,2889.0818,2904.357666015625
2020-12-31,2890.1401,2883.346923828125
2021-01-01,2869.732,2837.212158203125
2021-01-04,2824.8752,2902.1279296875
2021-01-05,2887.9753,3012.3359375
2021-01-06,2994.8174,3065.408203125
2021-01-07,3046.1377,3024.2783203125
2021-01-08,3006.3733,3005.7451171875
2021-01-11,2988.4385,3093.05908203125
2021-01-12,3072.8408,3148.113525390625
2021-01-13,3125.937,3146.5283203125
2021-01-14,3124.4092,3130.769775390625
2021-01-15,3109.2205,3227.832275390625
2021-01-18,3202.6477,3210.6044921875
2021-01-19,3186.0874,3199.0859375
2021-01-20,3175.01,3237.76171875
2021-01-21,3212.1875,3285.5234375
2021-01-22,3258.0315,3250.8193359375
2021-01-25,3224.7288,3279.86376953125
2021-01-27,3252.6028,3268.146484375
2021-01-28,3241.361,3238.109375
2021-01-29,3212.5217,3174.06298828125
2021-02-01,3150.9302,3089.462646484375
2021-02-02,3069.369,3117.265625
2021-02-03,3096.1982,3180.91455078125
2021-02-04,3157.5251,3177.53857421875
2021-02-05,3154.276,3166.02001953125
2021-02-08,3143.1858,3135.734619140625
2021-02-09,3114.0066,3191.489990234375
2021-02-10,3167.7024,3154.55126953125
2021-02-11,3132.1394,3190.6953125
2021-02-12,3166.9377,3183.446533203125
2021-02-15,3159.962,3168.353515625
2021-02-16,3145.4326,3117.76220703125
2021-02-17,3096.677,3086.930419921875
2021-02-18,3066.9243,3051.481689453125
2021-02-19,3032.6792,3035.842529296875
2021-02-22,3017.5586,3050.240478515625
2021-02-23,3031.4797,2937.63818359375
2021-02-24,2922.4402,2959.235107421875
2021-02-25,2943.3835,2927.361083984375
2021-02-26,2912.4697,2974.22900390625
2021-03-01,2957.9153,2873.939453125
2021-03-02,2860.59,2903.629150390625
2021-03-03,2889.4329,2985.201416015625
2021-03-04,2968.5452,3037.580078125
2021-03-05,3019.2385,3028.24609375
2021-03-08,3010.2114,2986.88916015625
2021-03-09,2970.18,2985.796875
2021-03-10,2969.1223,3029.4873046875
2021-03-12,3011.4119,3049.3466796875
2021-03-15,3030.6155,3036.438232421875
2021-03-16,3018.1348,3044.580322265625
2021-03-17,3026.0076,3088.171630859375
2021-03-18,3068.1226,3091.051025390625
2021-03-19,3070.9026,3015.13916015625
2021-03-22,2997.5303,3028.742431640625
2021-03-23,3010.6917,3107.633544921875
2021-03-24,3086.9065,3120.49267578125
2021-03-25,3099.3108,3099.14404296875
2021-03-26,3078.7139,3043.28955078125
2021-03-30,3024.7598,3045.225830078125
2021-03-31,3026.6316,3136.33056640625
2021-04-01,3114.5813,3155.49462890625
2021-04-05,3133.048,3142.73486328125
2021-04-06,3120.7537,3216.114990234375
2021-04-07,3191.3855,3241.733642578125
2021-04-08,3216.003,3248.386474609375
2021-04-09,3222.392,3294.013427734375
2021-04-12,3266.1724,3298.87890625
2021-04-13,3270.837,3223.711669921875
2021-04-15,3198.6875,3082.2138671875
2021-04-16,3062.3704,3196.3056640625
2021-04-19,3172.3352,3172.6728515625
2021-04-20,3149.5916,3139.5576171875
2021-04-22,3117.692,3122.428955078125
2021-04-23,3101.178,3096.860107421875
2021-04-26,3076.5098,3087.62548828125
2021-04-27,3067.5952,3078.98681640625
2021-04-28,3059.254,3109.967041015625
2021-04-29,3089.1577,3102.122802734375
2021-04-30,3081.5886,3093.3349609375
2021-05-03,3073.1074,3014.295166015625
2021-05-04,2996.7134,3015.6357421875
2021-05-05,2998.0107,3028.295654296875
2021-05-06,3010.2593,3073.922607421875
2021-05-07,3054.3625,3089.561767578125
2021-05-10,3069.4646,3110.86083984375
2021-05-11,3090.0198,3123.3720703125
2021-05-12,3102.0876,3100.633544921875
2021-05-14,3080.1519,3065.879638671875
2021-05-17,3046.593,3030.033447265625
2021-05-18,3011.94,3048.1552734375
2021-05-19,3029.4639,3067.0712890625
2021-05-20,3047.7441,3060.31884765625
2021-05-21,3041.22,3038.4736328125
2021-05-24,3020.103,3058.829345703125
2021-05-25,3039.7805,3059.822509765625
2021-05-26,3040.7402,3107.218994140625
2021-05-27,3086.5063,3151.6220703125
2021-05-28,3129.3174,3173.0751953125
2021-05-31,3149.9788,3136.754638671875
2021-06-01,3114.9902,3152.2705078125
2021-06-02,3129.9424,3146.134033203125
2021-06-03,3124.0295,3122.63525390625
2021-06-04,3101.3767,3134.40966796875
2021-06-07,3112.7297,3136.904296875
2021-06-08,3115.1345,3176.268310546875
2021-06-09,3153.053,3193.18115234375
2021-06-10,3169.329,3193.28125
2021-06-11,3169.4258,3209.795166015625
2021-06-14,3185.3093,3266.671142578125
2021-06-15,3239.945,3269.215576171875
2021-06-16,3242.3867,3255.64501953125
2021-06-17,3229.3618,3267.219970703125
2021-06-18,3240.4717,3310.525390625
2021-06-21,3281.9988,3290.119873046875
2021-06-22,3262.4392,3265.97265625
2021-06-23,3239.275,3294.01123046875
2021-06-24,3266.1702,3254.2978515625
2021-06-25,3228.068,3366.253662109375
2021-06-28,3335.3452,3373.43798828125
2021-06-29,3342.2144,3329.48388671875
2021-06-30,3300.159,3333.5751953125
2021-07-01,3304.0762,3338.46435546875
2021-07-02,3308.757,3334.2236328125
2021-07-05,3304.6973,3318.20849609375
2021-07-06,3289.3599,3313.768310546875
2021-07-07,3285.106,3255.196044921875
2021-07-08,3228.9307,3267.818359375
2021-07-09,3241.046,3251.404296875
2021-07-12,3225.29,3201.163818359375
2021-07-13,3177.0085,3186.146728515625
2021-07-14,3162.5608,3180.60888671875
2021-07-15,3157.231,3207.550048828125
2021-07-16,3183.1504,3202.949951171875
2021-07-19,3178.7266,3194.800048828125
2021-07-20,3170.887,3184.60009765625
2021-07-22,3161.0725,3205.800048828125
2021-07-23,3181.4673,3216.35009765625
2021-07-26,3191.6113,3212.85009765625
2021-07-27,3188.2466,3197.550048828125
2021-07-28,3173.5322,3182.949951171875
2021-07-29,3159.4844,3197.800048828125
2021-07-30,3173.7727,3195.800048828125
2021-08-02,3171.8489,3167.449951171875
2021-08-03,3144.5625,3219.39990234375
2021-08-04,3194.543,3284.89990234375
2021-08-05,3257.4333,3273.949951171875
2021-08-06,3246.9294,3283.949951171875
2021-08-09,3256.5222,3309.800048828125
2021-08-10,3281.304,3322.699951171875
2021-08-11,3293.6624,3333.89990234375
2021-08-12,3304.387,3344.199951171875
2021-08-13,3314.2468,3351.75
2021-08-16,3321.4717,3463.39990234375
2021-08-17,3428.0823,3472.949951171875
2021-08-18,3437.1812,3553.050048828125
2021-08-20,3513.3674,3560.550048828125
2021-08-23,3520.4888,3559.5
2021-08-24,3519.4917,3637.39990234375
2021-08-25,3593.3433,3613.199951171875
2021-08-26,3570.4253,3659.0
2021-08-27,3613.781,3671.85009765625
2021-08-30,3625.9316,3720.14990234375
2021-08-31,3671.546,3701.300048828125
2021-09-01,3653.7546,3786.449951171875
2021-09-02,3734.0154,3714.949951171875
2021-09-03,3666.639,3836.75
2021-09-06,3781.2957,3842.050048828125
2021-09-07,3786.272,3852.0
2021-09-08,3795.611,3815.89990234375
2021-09-09,3761.7092,3774.14990234375
2021-09-13,3722.439,3791.39990234375
2021-09-14,3738.6729,3845.35009765625
2021-09-15,3789.37,3885.89990234375
2021-09-16,3827.4,3954.5500488281245
2021-09-17,3891.6353,3903.300048828125
2021-09-20,3843.699,3827.85009765625
2021-09-21,3772.9368,3823.5
2021-09-22,3768.8506,3862.949951171875
2021-09-23,3805.8835,3862.14990234375
2021-09-24,3805.1333,3869.25
2021-09-27,3811.7925,3871.300048828125
2021-09-28,3813.7146,3836.949951171875
2021-09-29,3781.4836,3779.14990234375
2021-09-30,3727.1453,3791.89990234375
